tweet_id,retweeted,favorited,FavoriteCount,RetweetCount
892420643555336193,False,False,39467,8853
892177421306343426,False,False,33819,6514
891815181378084864,False,False,25461,4328
891689557279858688,False,False,42908,8964
891327558926688256,False,False,41048,9774
891087950875897856,False,False,20562,3261
890971913173991426,False,False,12041,2158
890729181411237888,False,False,56848,16716
890609185150312448,False,False,28226,4429
890240255349198849,False,False,32467,7711
890006608113172480,False,False,31166,7624
889880896479866881,False,False,28268,5156
889665388333682689,False,False,38818,8538
889638837579907072,False,False,27672,4735
889531135344209921,False,False,15359,2321
889278841981685760,False,False,25652,5637
888917238123831296,False,False,29611,4709
888804989199671297,False,False,26080,4559
888554962724278272,False,False,20290,3732
888078434458587136,False,False,22201,3653
887705289381826560,False,False,30779,5609
887517139158093824,False,True,46959,12082
887473957103951883,False,False,69871,18781
887343217045368832,False,False,34222,10737
887101392804085760,False,False,31061,6167
886983233522544640,False,False,35859,8084
886736880519319552,False,False,12306,3443
886680336477933568,False,False,22798,4610
886366144734445568,False,False,21524,3316
886267009285017600,False,False,117,4
886258384151887873,False,False,28469,6523
886054160059072513,False,False,0,108
885984800019947520,False,False,33382,7097
885528943205470208,False,False,36689,6683
885518971528720385,False,False,20788,3899
885311592912609280,False,False,0,19297
885167619883638784,False,False,22367,4556
884925521741709313,False,False,68152,16439
884876753390489601,False,False,28514,6096
884562892145688576,False,False,24765,5100
884441805382717440,False,False,27478,5856
884247878851493888,False,False,74423,21298
884162670584377345,False,False,20771,3128
883838122936631299,False,False,22349,3586
883482846933004288,False,False,46860,10407
883360690899218434,False,False,22986,3825
883117836046086144,False,False,37914,6949
882992080364220416,False,False,24445,4122
882762694511734784,False,False,28903,5134
882627270321602560,False,False,28382,6342
882268110199369728,False,False,45880,12118
882045870035918850,False,False,29900,5203
881906580714921986,False,False,24773,3533
881666595344535552,False,False,51522,11099
881633300179243008,False,False,129,7
881536004380872706,False,False,50199,16570
881268444196462592,False,False,23501,5358
880935762899988482,False,False,17346,2886
880872448815771648,False,False,21734,3989
880465832366813184,False,False,29075,6546
880221127280381952,False,False,27640,4436
880095782870896641,False,True,28150,4533
879862464715927552,False,False,22667,3642
879674319642796034,False,True,315,10
879492040517615616,False,False,23822,3323
879415818425184262,False,False,107956,45849
879376492567855104,False,False,17099,3261
879130579576475649,False,False,0,7181
879050749262655488,False,False,23022,4941
879008229531029506,False,False,19317,2812
878776093423087618,False,False,19763,4319
878604707211726852,False,False,30931,7582
878404777348136964,False,False,0,1349
878316110768087041,False,False,0,6965
878281511006478336,False,False,7913,1349
878057613040115712,False,False,42876,7181
877736472329191424,False,False,71144,17300
877611172832227328,False,False,0,83
877556246731214848,False,False,23258,3994
877316821321428993,False,False,27907,5414
877201837425926144,False,False,27755,5880
876838120628539392,False,False,21125,3506
876537666061221889,False,False,23869,4800
876484053909872640,False,False,19163,2511
876120275196170240,False,False,28490,4903
875747767867523072,False,False,25773,4497
875144289856114688,False,False,22185,5081
875097192612077568,False,False,27997,6342
875021211251597312,False,False,26022,4922
874680097055178752,False,False,28439,4875
874434818259525634,False,False,0,15546
874296783580663808,False,False,26651,4308
874057562936811520,False,False,23134,4125
874012996292530176,False,False,35501,11007
873697596434513921,False,False,0,12518
873580283840344065,False,False,24837,4143
873337748698140672,False,False,0,1667
873213775632977920,False,False,7467,1667
872967104147763200,False,False,28031,5669
872820683541237760,False,False,15029,3884
872668790621863937,False,False,0,31
872620804844003328,False,False,21309,3911
872486979161796608,False,False,41606,9429
872261713294495745,False,False,35085,6649
872122724285648897,False,False,35324,8549
871879754684805121,False,False,39090,11918
871762521631449091,False,False,20787,3678
871515927908634625,False,False,20730,3628
871166179821445120,False,False,0,5991
871102520638267392,False,False,21461,5764
871032628920680449,False,False,23255,3999
870804317367881728,False,False,33791,6393
870726314365509632,False,False,121,3
870656317836468226,False,False,12819,2817
870374049280663552,False,False,85011,27680
870308999962521604,False,False,22453,4384
870063196459192321,False,False,37771,8840
869988702071779329,False,False,0,25661
869772420881756160,False,False,43710,10663
869702957897576449,False,False,29116,6728
869596645499047938,False,False,16476,3327
869227993411051520,False,False,21112,4023
868880397819494401,False,False,55098,12518
868639477480148993,False,False,0,2240
868622495443632128,False,False,28295,6275
868552278524837888,False,False,10539,2240
867900495410671616,False,False,24964,4439
867774946302451713,False,False,35179,7788
867421006826221569,False,False,16755,2697
867072653475098625,False,False,0,135
867051520902168576,False,False,33420,8425
866816280283807744,False,False,0,32883
866720684873056260,False,False,20888,5168
866686824827068416,False,False,20070,3727
866450705531457537,False,False,106827,32883
866334964761202691,False,False,54720,15546
866094527597207552,False,False,0,8952
865718153858494464,False,False,26640,6008
865359393868664832,False,False,27530,5384
865006731092295680,False,False,29063,8209
864873206498414592,False,False,33651,9361
864279568663928832,False,False,15195,3266
864197398364647424,False,False,31459,9616
863907417377173506,False,False,21477,4441
863553081350529029,False,False,15935,4489
863471782782697472,False,False,0,2687
863432100342583297,False,False,24829,5664
863427515083354112,False,False,2363,105
863079547188785154,False,False,9094,1195
863062471531167744,False,False,8945,2687
862831371563274240,False,False,20011,5457
862722525377298433,False,False,17779,3809
862457590147678208,False,False,21492,5388
862096992088072192,False,False,66437,21840
861769973181624320,False,False,0,37911
861383897657036800,False,False,37744,11528
861288531465048066,False,False,18032,4479
861005113778896900,False,False,17538,4119
860981674716409858,False,False,0,2334
860924035999428608,False,False,0,882
860563773140209665,False,False,7878,2334
860524505164394496,False,False,24678,5698
860276583193509888,False,False,19154,3745
860184849394610176,False,False,17474,6295
860177593139703809,False,False,0,33421
859924526012018688,False,False,20021,4349
859851578198683649,False,False,16105,3780
859607811541651456,False,False,19476,1704
859196978902773760,False,False,75193,25661
859074603037188101,False,False,35553,14740
858860390427611136,False,False,0,8805
858843525470990336,False,False,16304,3771
858471635011153920,False,False,22640,5271
858107933456039936,False,False,16524,3154
857989990357356544,False,False,16952,2812
857746408056729600,False,False,36021,11524
857393404942143489,False,False,6236,1785
857263160327368704,False,False,21041,4934
857214891891077121,False,False,242,20
857062103051644929,False,False,0,183
857029823797047296,False,False,19910,4364
856602993587888130,False,False,0,11633
856543823941562368,False,False,17135,3131
856526610513747968,False,False,12446,2068
856330835276025856,False,False,0,731
856288084350160898,False,False,545,17
856282028240666624,False,False,29086,6841
855862651834028034,False,False,320,27
855860136149123072,False,False,4407,1058
855857698524602368,False,False,12498,2313
855851453814013952,False,False,47844,19196
855818117272018944,False,False,28056,5943
855459453768019968,False,False,31657,8987
855245323840757760,False,False,0,6568
855138241867124737,False,False,0,50
854732716440526848,False,False,24188,6690
854482394044301312,False,False,31131,7608
854365224396361728,False,False,20046,5159
854120357044912130,False,False,33911,8285
854010172552949760,False,False,17169,3433
853760880890318849,False,False,30414,6403
853639147608842240,False,False,37198,11265
853299958564483072,False,False,16508,3928
852936405516943360,False,False,0,2243
852912242202992640,False,False,9658,2037
852672615818899456,False,False,15939,2388
852553447878664193,False,False,17492,3885
852311364735569921,False,False,35325,10961
852226086759018497,False,False,21378,7570
852189679701164033,False,False,12217,1741
851953902622658560,False,False,0,10706
851861385021730816,False,False,0,23
851591660324737024,False,False,17300,3819
851464819735769094,False,False,25944,7855
851224888060895234,False,False,22090,6350
850753642995093505,False,False,33348,10352
850380195714523136,False,False,13994,2915
850333567704068097,False,False,3647,367
850145622816686080,False,False,17519,4244
850019790995546112,False,False,21944,5459
849776966551130114,False,False,32390,8404
849668094696017920,False,False,0,5513
849412302885593088,False,False,17039,3487
849336543269576704,False,False,12240,2101
849051919805034497,False,False,32617,7396
848690551926992896,False,False,27104,4826
848324959059550208,False,False,20229,4037
848213670039564288,False,False,8834,832
848212111729840128,False,False,17618,3444
847978865427394560,False,False,0,3652
847971574464610304,False,False,0,482
847962785489326080,False,False,25296,5730
847842811428974592,False,False,5935,1522
847617282490613760,False,False,7558,468
847606175596138505,False,False,20208,3774
847251039262605312,False,False,22036,4800
847157206088847362,False,False,21588,6572
847116187444137987,False,False,23108,3583
846874817362120707,False,False,21685,4404
846514051647705089,False,False,48410,13076
846505985330044928,False,False,15304,3492
846153765933735936,False,False,34394,10226
846139713627017216,False,False,33188,10972
846042936437604353,False,False,17256,3224
845812042753855489,False,False,31737,9894
845677943972139009,False,False,27154,5365
845459076796616705,False,False,0,15071
845397057150107648,False,False,8241,2072
845306882940190720,False,False,25225,6039
845098359547420673,False,False,0,8640
844979544864018432,False,False,14738,2909
844973813909606400,False,False,16361,3617
844704788403113984,False,False,42022,11633
844580511645339650,False,False,17871,3533
844223788422217728,False,False,14753,2450
843981021012017153,False,False,16327,3285
843856843873095681,False,False,23211,5220
843604394117681152,False,False,18310,3081
843235543001513987,False,False,23315,6852
842892208864923648,False,False,0,56625
842846295480000512,False,False,16440,4023
842765311967449089,False,False,7321,1439
842535590457499648,False,False,19637,3937
842163532590374912,False,False,26569,6568
842115215311396866,False,False,15204,3386
841833993020538882,False,False,0,17504
841680585030541313,False,False,27854,8748
841439858740625411,False,False,13755,4168
841320156043304961,False,False,21402,6080
841314665196081154,False,False,17305,5312
841077006473256960,False,False,24926,5991
840761248237133825,False,False,0,1972
840728873075638272,False,False,0,18285
840698636975636481,False,False,197,3
840696689258311684,False,False,13377,1116
840632337062862849,False,False,9761,1972
840370681858686976,False,False,17918,5146
840268004936019968,False,False,20950,6497
839990271299457024,False,False,14640,2597
839549326359670784,False,False,29957,8805
839290600511926273,False,False,0,158
839239871831150596,False,False,29684,7422
838952994649550848,False,False,21289,4505
838921590096166913,False,False,12183,2357
838916489579200512,False,False,0,38
838831947270979586,False,False,0,12643
838561493054533637,False,False,11892,1504
838476387338051585,False,False,24664,5484
838201503651401729,False,False,0,11525
838150277551247360,False,False,1824,370
838085839343206401,False,False,150,0
838083903487373313,False,False,19183,3582
837820167694528512,False,False,37277,8952
837482249356513284,False,False,4204,495
837471256429613056,False,False,13967,2631
837366284874571778,False,False,23074,6005
837110210464448512,False,False,17480,2731
837012587749474308,False,False,0,88
836989968035819520,False,False,13879,2610
836753516572119041,False,False,21029,5237
836677758902222849,False,False,13782,2522
836648853927522308,False,False,0,626
836397794269200385,False,False,0,31314
836380477523124226,False,False,16037,3337
836260088725786625,False,False,23177,4850
836001077879255040,False,False,20924,4935
835685285446955009,False,False,0,9327
835574547218894849,False,False,19447,4121
835536468978302976,False,False,0,1939
835309094223372289,False,False,0,24013
835297930240217089,False,False,17847,3381
835264098648616962,False,False,8503,1939
835246439529840640,False,False,2259,83
835172783151792128,False,False,28552,6516
835152434251116546,False,False,24574,3443
834931633769889797,False,False,11838,1878
834786237630337024,False,False,22943,6159
834574053763584002,False,False,14993,2882
834477809192075265,False,False,0,12224
834458053273591808,False,False,10512,1899
834209720923721728,False,False,22594,5476
834167344700198914,False,False,17194,4130
834089966724603904,False,False,10971,2427
834086379323871233,False,False,14296,2512
833863086058651648,False,False,14661,2729
833826103416520705,False,False,16728,3904
833732339549220864,False,False,0,251
833722901757046785,False,False,22585,3636
833479644947025920,False,False,16258,2357
833124694597443584,False,False,22133,5513
832998151111966721,False,False,14549,2522
832769181346996225,False,False,0,43
832757312314028032,False,False,18423,4127
832682457690300417,False,False,13017,3368
832645525019123713,False,False,3195,594
832636094638288896,False,False,17379,3220
832397543355072512,False,False,13126,2548
832369877331693569,False,False,18792,3652
832273440279240704,False,False,12385,2673
832215909146226688,False,False,0,7069
832215726631055365,False,False,0,10723
832088576586297345,False,False,72,3
832040443403784192,False,False,0,11131
832032802820481025,False,False,13887,4746
831939777352105988,False,False,26404,7031
831926988323639298,False,False,369,39
831911600680497154,False,False,30380,7458
831670449226514432,False,False,11469,2059
831650051525054464,False,False,7908,2243
831552930092285952,False,False,9872,2632
831322785565769729,False,False,10042,1744
831315979191906304,False,False,7117,1264
831309418084069378,False,False,12819,2786
831262627380748289,False,False,13066,2350
830956169170665475,False,False,8735,1735
830583320585068544,False,False,73397,19297
830173239259324417,False,False,0,6554
830097400375152640,False,False,10804,3455
829878982036299777,False,False,0,5757
829861396166877184,False,False,13441,2243
829501995190984704,False,False,34913,12224
829449946868879360,False,False,11519,2329
829374341691346946,False,False,38074,10706
829141528400556032,False,False,26952,8530
829011960981237760,False,False,58302,18627
828801551087042563,False,False,0,3901
828770345708580865,False,False,28085,6746
828708714936930305,False,False,40241,12882
828650029636317184,False,False,10467,1544
828409743546925057,False,False,6898,1305
828408677031882754,False,False,8398,1477
828381636999917570,False,False,13864,2554
828376505180889089,False,False,8112,1216
828372645993398273,False,False,13756,3344
828361771580813312,False,False,2408,195
828046555563323392,False,False,12923,3260
828011680017821696,False,False,11411,2451
827933404142436356,False,False,22180,5987
827653905312006145,False,False,16983,3433
827600520311402496,False,False,8143,1082
827324948884643840,False,False,17523,3510
827228250799742977,False,False,0,13517
827199976799354881,False,False,11659,2579
826958653328592898,False,False,23767,5757
826848821049180160,False,False,40325,11878
826615380357632002,False,False,0,4521
826598799820865537,False,False,5637,292
826598365270007810,False,False,11117,2709
826476773533745153,False,False,20275,4821
826240494070030336,False,False,14614,2965
826204788643753985,False,False,5361,1075
826115272272650244,False,False,17299,3599
825876512159186944,False,False,11525,2146
825829644528148480,False,False,14025,2848
825535076884762624,False,False,56413,19669
825147591692263424,False,False,20181,5244
825120256414846976,False,False,0,1483
825026590719483904,False,False,7020,1483
824796380199809024,False,False,0,6288
824775126675836928,False,False,16508,4069
824663926340194305,False,False,11113,1993
824325613288833024,False,False,12999,11848
824297048279236611,False,False,16625,4463
824025158776213504,False,False,5255,679
823939628516474880,False,False,11755,3123
823719002937630720,False,False,0,12953
823699002998870016,False,False,13826,2772
823581115634085888,False,False,14376,3031
823333489516937216,False,False,777,31
823322678127919110,False,False,17437,4637
823269594223824897,False,False,0,11421
822975315408461824,False,False,19139,3958
822872901745569793,False,False,132810,48265
822859134160621569,False,False,14576,2622
822647212903690241,False,False,0,7390
822610361945911296,False,False,16327,3423
822489057087389700,False,False,20083,7390
822462944365645825,False,False,31800,17209
822244816520155136,False,False,38832,11421
822163064745328640,False,False,0,5571
821886076407029760,False,False,12582,2692
821813639212650496,False,False,0,3839
821765923262631936,False,False,9317,1899
821522889702862852,False,False,8871,2030
821421320206483457,False,False,0,6470
821407182352777218,False,False,13075,5053
821153421864615936,False,False,280,10
821149554670182400,False,False,9718,2320
821107785811234820,False,False,10645,2487
821044531881721856,False,False,14021,2636
820837357901512704,False,False,0,7733
820749716845686786,False,False,34984,11525
820690176645140481,False,False,13518,3716
820494788566847489,False,False,0,648
820446719150292993,False,False,0,2980
820314633777061888,False,False,3706,648
820078625395449857,False,False,21979,7246
820013781606658049,False,False,0,1369
819952236453363712,False,False,5927,1369
819924195358416896,False,False,14305,5607
819711362133872643,False,False,14916,3604
819588359383371776,False,False,10606,2271
819347104292290561,False,False,8008,1383
819238181065359361,False,False,2550,462
819227688460238848,False,False,25652,7733
819015337530290176,False,False,0,42228
819015331746349057,False,False,0,21794
819006400881917954,False,False,49960,21794
819004803107983360,False,False,95450,42228
818646164899774465,False,False,0,24069
818627210458333184,False,False,24597,8564
818614493328580609,False,False,10971,2982
818588835076603904,False,False,0,7126
818536468981415936,False,False,12127,2873
818307523543449600,False,True,0,9366
818259473185828864,False,False,12197,2621
818145370475810820,False,False,13671,3014
817908911860748288,False,False,5356,906
817827839487737858,False,False,57622,31314
817777686764523521,False,False,11901,3084
817536400337801217,False,False,13105,3505
817502432452313088,False,False,0,3917
817423860136083457,False,False,38260,17504
817415592588222464,False,False,6267,1131
817181837579653120,False,False,0,9907
817171292965273600,False,False,9690,2326
817120970343411712,False,False,13367,3011
817056546584727552,False,False,9517,1927
816829038950027264,False,False,0,5496
816816676327063552,False,False,11071,2361
816697700272001025,False,False,10905,2545
816450570814898180,False,True,33961,9366
816336735214911488,False,False,9564,2269
816091915477250048,False,False,9927,2500
816062466425819140,False,False,0,1207
816014286006976512,False,False,0,6154
815990720817401858,False,False,5545,1207
815966073409433600,False,False,25057,9907
815745968457060357,False,False,0,4797
815736392542261248,False,False,10937,2625
815639385530101762,False,False,9161,1918
815390420867969024,False,False,11467,4407
814986499976527872,False,False,8485,1505
814638523311648768,False,False,12511,3130
814578408554463233,False,False,0,6750
814530161257443328,False,False,9629,2156
814153002265309185,False,False,32000,10080
813944609378369540,False,False,0,3732
813910438903693312,False,False,10342,2194
813812741911748608,False,False,40402,16267
813800681631023104,False,False,9300,2060
813217897535406080,False,False,20783,8476
813202720496779264,False,False,10192,2090
813187593374461952,False,False,22085,5096
813172488309972993,False,False,10384,2236
813157409116065792,False,False,8588,2557
813142292504645637,False,False,9361,2728
813130366689148928,False,False,4968,513
813127251579564032,False,False,13242,3652
813112105746448384,False,False,11515,3225
813096984823349248,False,False,11694,4207
813081950185472002,False,False,10989,3220
813066809284972545,False,False,8865,2276
813051746834595840,False,False,23337,8503
812781120811126785,False,False,8380,2191
812747805718642688,False,False,0,8067
812709060537683968,False,False,7373,1665
812503143955202048,False,False,6787,1424
812466873996607488,False,False,8900,2231
812372279581671427,False,False,15224,4252
811985624773361665,False,False,8102,1647
811744202451197953,False,False,8429,1884
811647686436880384,False,False,6215,872
811627233043480576,False,False,14265,3650
811386762094317568,False,False,23302,7444
810984652412424192,False,False,5927,1655
810896069567610880,False,False,10093,2090
810657578271330305,False,False,12192,3057
810284430598270976,False,False,39640,13369
810254108431155201,False,False,16380,3901
809920764300447744,False,False,17250,4521
809808892968534016,False,False,0,5711
809448704142938112,False,False,7727,1696
809220051211603969,False,False,22246,6554
809084759137812480,False,False,14685,4046
808838249661788160,False,False,11271,3536
808733504066486276,False,False,8784,2509
808501579447930884,False,False,12595,3007
808344865868283904,False,False,47281,24069
808134635716833280,False,False,0,6961
808106460588765185,False,False,9701,2525
808001312164028416,False,False,14015,4098
807621403335917568,False,False,16236,4288
807106840509214720,False,False,107015,56625
807059379405148160,False,False,0,8521
807010152071229440,False,False,14514,4418
806629075125202948,False,False,75639,37911
806620845233815552,False,False,0,6426
806576416489959424,False,False,5370,2230
806542213899489280,False,False,11363,2752
806242860592926720,False,False,0,13616
806219024703037440,False,False,7145,1388
805958939288408065,False,False,0,6238
805932879469572096,False,False,9178,2209
805826884734976000,False,False,7335,2132
805823200554876929,False,False,0,9374
805520635690676224,False,False,6368,1905
805487436403003392,False,False,9773,2929
805207613751304193,False,False,8680,1972
804738756058218496,False,False,15326,4480
804475857670639616,False,False,6886,2355
804413760345620481,False,False,0,3712
804026241225523202,False,False,49774,18876
803773340896923648,False,False,11203,3220
803692223237865472,False,False,0,8689
803638050916102144,False,False,12270,4828
803380650405482500,False,False,8601,2169
803321560782307329,False,False,0,6221
803276597545603072,False,False,11207,2887
802952499103731712,False,False,10085,2336
802624713319034886,False,False,0,3403
802600418706604034,False,False,7938,1714
802572683846291456,False,False,9959,2926
802323869084381190,False,False,18124,6808
802265048156610565,False,False,7039,1573
802247111496568832,False,False,0,5247
802239329049477120,False,False,10132,3040
802185808107208704,False,False,0,314
801958328846974976,False,False,8608,1992
801854953262350336,False,False,1958,275
801538201127157760,False,False,9141,2391
801285448605831168,False,False,6802,960
801167903437357056,False,False,27386,6961
801127390143516673,False,False,0,4627
801115127852503040,False,False,8992,2429
800859414831898624,False,False,778,113
800855607700029440,False,False,0,1889
800751577355128832,False,False,11701,3214
800513324630806528,False,False,14685,3495
800459316964663297,False,False,10538,2489
800443802682937345,False,False,0,5068
800388270626521089,False,False,12456,3265
800188575492947969,False,False,0,4581
800141422401830912,False,False,17092,2980
800018252395122689,False,False,31768,15351
799774291445383169,False,False,0,5488
799757965289017345,False,False,9390,2506
799422933579902976,False,False,8965,2213
799308762079035393,False,True,0,6478
799297110730567681,False,False,11065,3227
799063482566066176,False,False,9058,2863
798933969379225600,False,False,14712,5203
798925684722855936,False,False,8246,1663
798705661114773508,False,False,0,7724
798701998996647937,False,False,0,9126
798697898615730177,False,False,0,7602
798694562394996736,False,False,0,5812
798686750113755136,False,False,0,2702
798682547630837760,False,False,0,5515
798673117451325440,False,False,0,6485
798665375516884993,False,False,0,4519
798644042770751489,False,False,0,2153
798628517273620480,False,False,0,2272
798585098161549313,False,False,0,6618
798576900688019456,False,False,0,6871
798340744599797760,False,False,0,3924
798209839306514432,False,False,11548,2954
797971864723324932,False,False,13018,3652
797545162159308800,False,False,16198,5656
797236660651966464,False,False,22328,7726
797165961484890113,False,False,256,32
796904159865868288,False,False,0,10411
796865951799083009,False,False,8564,2198
796759840936919040,False,False,13256,3562
796563435802726400,False,False,0,8536
796484825502875648,False,False,8472,2042
796387464403357696,False,False,12334,4861
796177847564038144,False,False,0,16628
796149749086875649,False,False,36177,16628
796125600683540480,False,False,5511,2079
796116448414461957,False,False,10139,2813
796080075804475393,False,False,9469,2703
796031486298386433,False,False,12071,4284
795464331001561088,False,False,55683,27728
795400264262053889,False,False,11270,3323
795076730285391872,False,False,18139,6288
794983741416415232,False,False,0,3942
794926597468000259,False,False,11492,2697
794355576146903043,False,False,0,12014
794332329137291264,False,False,10686,3088
794205286408003585,False,False,10314,3895
793962221541933056,False,False,18910,5711
793845145112371200,False,False,10295,2187
793614319594401792,False,False,0,3661
793601777308463104,False,False,8926,1908
793500921481273345,False,False,11953,2786
793286476301799424,False,False,27597,10723
793271401113350145,False,False,9677,2763
793256262322548741,False,False,22350,9714
793241302385262592,False,False,11780,3812
793226087023144960,False,False,11001,3338
793210959003287553,False,False,9997,3301
793195938047070209,False,False,17063,6547
793180763617361921,False,False,7740,2310
793165685325201412,False,False,10478,3238
793150605191548928,False,False,6909,1984
793135492858580992,False,False,7214,2893
793120401413079041,False,False,14202,4551
792913359805018113,False,False,16063,4715
792883833364439040,False,False,12666,4964
792773781206999040,False,False,8209,1963
792394556390137856,False,False,15128,4998
792050063153438720,False,False,8029,2088
791821351946420224,False,False,0,24514
791784077045166082,False,False,0,11271
791780927877898241,False,False,0,4432
791774931465953280,False,False,37818,21156
791672322847637504,False,False,13129,3661
791406955684368384,False,False,14670,4797
791312159183634433,False,False,9841,2963
791026214425268224,False,False,0,4858
790987426131050500,False,False,11089,2483
790946055508652032,False,False,18601,5496
790723298204217344,False,False,0,2704
790698755171364864,False,False,9158,2203
790581949425475584,False,False,22473,8183
790337589677002753,False,False,8740,2167
790277117346975746,False,False,14081,3732
790227638568808452,False,False,0,4190
789986466051088384,False,False,10369,2704
789960241177853952,False,False,0,4839
789903600034189313,False,False,11673,4858
789628658055020548,False,False,8448,2080
789599242079838210,False,False,7620,2279
789530877013393408,False,False,13188,3942
789314372632018944,False,False,9615,2666
789280767834746880,False,False,0,5747
789268448748703744,False,False,10196,3014
789137962068021249,False,False,10875,3244
788908386943430656,False,False,30653,14409
788765914992902144,False,False,30658,12014
788552643979468800,False,False,0,8407
788412144018661376,False,False,16060,5990
788178268662984705,False,False,8100,2488
788150585577050112,False,False,6865,1510
788070120937619456,False,False,0,3952
788039637453406209,False,False,6867,1535
787810552592695296,False,False,9717,3540
787717603741622272,False,False,11416,3240
787397959788929025,False,False,12120,3300
787322443945877504,False,False,8726,2032
787111942498508800,False,False,0,7798
786963064373534720,False,False,29725,9327
786729988674449408,False,False,0,2827
786709082849828864,False,False,20296,7069
786664955043049472,False,False,11957,2996
786595970293370880,False,False,10497,3601
786363235746385920,False,False,12189,4072
786286427768250368,False,False,8930,3352
786233965241827333,False,False,17178,5571
786051337297522688,False,False,1614,179
786036967502913536,False,False,0,8237
785927819176054784,False,False,12696,3652
785872687017132033,False,False,7489,2130
785639753186217984,False,False,8735,2561
785533386513321988,False,False,10183,2334
785515384317313025,False,False,6800,1477
785264754247995392,False,False,8128,1911
785170936622350336,False,False,13491,5639
784826020293709826,False,False,11310,3712
784517518371221505,False,False,10039,2970
784431430411685888,False,False,6329,1491
784183165795655680,False,False,22513,9374
784057939640352768,False,False,33505,12953
783839966405230592,False,False,33689,12643
783821107061198850,False,False,8209,2269
783695101801398276,False,False,11650,3737
783466772167098368,False,False,9468,2608
783391753726550016,False,False,18908,6441
783347506784731136,False,False,0,6533
783334639985389568,False,False,32651,13616
783085703974514689,False,False,9112,2565
782969140009107456,False,False,26949,8521
782747134529531904,False,False,8310,1604
782722598790725632,False,False,19250,6238
782598640137187329,False,False,8694,2184
782305867769217024,False,False,18630,6470
782021823840026624,False,False,0,7236
781955203444699136,False,False,12357,3920
781661882474196992,False,False,11634,3129
781655249211752448,False,False,4466,1314
781524693396357120,False,False,23163,6426
781308096455073793,False,False,7973,2961
781251288990355457,False,False,9428,2458
781163403222056960,False,False,10895,3168
780931614150983680,False,False,24192,8536
780858289093574656,False,False,8033,2328
780800785462489090,False,False,6141,1505
780601303617732608,False,False,13525,3839
780543529827336192,False,False,7040,2032
780496263422808064,False,False,0,4319
780476555013349377,False,False,0,136
780459368902959104,False,False,5892,1224
780192070812196864,False,False,9712,2589
780092040432480260,False,False,0,2655
780074436359819264,False,False,13723,5815
779834332596887552,False,False,21252,8237
779377524342161408,False,False,9831,3613
779124354206535695,False,False,0,21324
779123168116150273,False,False,13206,4207
779056095788752897,False,False,16500,5247
778990705243029504,False,False,22342,8437
778774459159379968,False,False,0,11550
778764940568104960,False,False,955,426
778748913645780993,False,False,7717,1562
778650543019483137,False,False,6430,1729
778624900596654080,False,False,5177,1176
778408200802557953,False,False,15135,5023
778396591732486144,False,False,0,14198
778383385161035776,False,False,6515,1271
778286810187399168,False,False,11576,3836
778039087836069888,False,False,9417,3065
778027034220126208,False,False,7320,1885
777953400541634568,False,False,0,4080
777885040357281792,False,False,7078,1893
777684233540206592,False,False,12518,3403
777641927919427584,False,False,0,4947
777621514455814149,False,False,9742,2910
777189768882946048,False,False,15921,4999
776819012571455488,False,False,0,15839
776813020089548800,False,False,5444,1405
776477788987613185,False,False,9858,3249
776249906839351296,False,False,0,10673
776218204058357768,False,False,33345,18497
776201521193218049,False,False,10681,2919
776113305656188928,False,False,13102,5068
776088319444877312,False,False,2045,179
775898661951791106,False,False,0,17621
775842724423557120,False,False,13022,3116
775733305207554048,False,False,15413,4627
775729183532220416,False,False,14361,5302
775364825476165632,False,False,8295,3472
775350846108426240,False,False,11309,4532
775096608509886464,False,False,0,9220
775085132600442880,False,False,17281,5488
774757898236878852,False,False,9462,2035
774639387460112384,False,False,7508,2013
774314403806253056,False,True,24167,6478
773985732834758656,False,False,11925,4492
773922284943896577,False,False,7110,1999
773704687002451968,False,False,7317,1891
773670353721753600,False,False,5935,1501
773547596996571136,False,False,24553,7126
773336787167145985,False,False,0,5912
773308824254029826,False,False,25846,8640
773247561583001600,False,False,10414,3699
773191612633579521,False,False,11117,4736
772877495989305348,False,False,9555,4501
772826264096874500,False,False,8842,2669
772615324260794368,False,False,0,3914
772581559778025472,False,False,7192,1968
772193107915964416,False,False,6665,1612
772152991789019136,False,False,4181,1300
772117678702071809,False,False,4165,848
772114945936949249,False,False,3005,546
772102971039580160,False,False,4448,1065
771908950375665664,False,False,7298,2181
771770456517009408,False,False,13356,3924
771500966810099713,False,False,9167,3018
771380798096281600,False,False,11746,5912
771171053431250945,False,False,0,8705
771136648247640064,False,False,10223,3357
771102124360998913,False,False,6898,1663
771014301343748096,False,False,7032,1782
770787852854652928,False,False,5498,1415
770772759874076672,False,False,5749,1626
770743923962707968,False,False,0,52360
770655142660169732,False,False,8130,2013
770414278348247044,False,False,6987,2390
770293558247038976,False,False,6923,1718
770093767776997377,False,False,0,3520
770069151037685760,False,False,8385,2651
769940425801170949,False,False,34948,11131
769695466921623552,False,False,7101,1926
769335591808995329,False,False,0,8830
769212283578875904,False,False,5980,1969
768970937022709760,False,False,16017,7574
768909767477751808,False,False,0,3129
768855141948723200,False,False,4660,1034
768609597686943744,False,False,4580,1382
768596291618299904,False,False,5592,1473
768554158521745409,False,False,0,6719
768473857036525572,False,False,15110,3958
768193404517830656,False,False,12157,4080
767884188863397888,False,False,5309,1634
767754930266464257,False,False,17814,6221
767500508068192258,False,False,8295,2688
767191397493538821,False,False,13643,4406
767122157629476866,False,False,11227,3261
766864461642756096,False,False,0,6521
766793450729734144,False,False,5650,1565
766714921925144576,False,False,2872,438
766693177336135680,False,False,4484,918
766423258543644672,False,False,6671,1825
766313316352462849,False,False,7493,2166
766078092750233600,False,False,0,2970
766069199026450432,False,False,4765,1003
766008592277377025,False,False,4149,571
765719909049503744,False,False,8021,2475
765669560888528897,False,False,5760,1407
765395769549590528,False,False,20539,3127
765371061932261376,False,False,7842,2475
765222098633691136,False,False,12902,3914
764857477905154048,False,False,7099,2029
764259802650378240,False,False,6718,1745
763956972077010945,False,False,812,61
763837565564780549,False,False,14041,4858
763183847194451968,False,False,6004,1702
763167063695355904,False,False,0,3484
763103485927849985,False,False,8163,2602
762699858130116608,False,False,13518,4190
762471784394268675,False,False,12571,7612
762464539388485633,False,False,11503,4839
762316489655476224,False,False,5350,1298
762035686371364864,False,False,35400,17919
761976711479193600,False,False,5992,2310
761750502866649088,False,False,0,4535
761745352076779520,False,False,4707,979
761672994376806400,False,False,55016,33421
761599872357261312,False,False,4578,1336
761371037149827077,False,False,0,20500
761334018830917632,False,False,5792,1669
761292947749015552,False,False,4957,1265
761227390836215808,False,False,5908,1775
761004547850530816,False,False,12482,3952
760893934457552897,False,False,4228,1104
760656994973933572,False,False,7343,2210
760641137271070720,False,False,5485,1481
760539183865880579,False,False,8399,4168
760521673607086080,False,False,4681,1608
760290219849637889,False,False,29618,13140
760252756032651264,False,False,4338,995
760190180481531904,False,False,6334,2079
760153949710192640,False,False,0,38
759943073749200896,False,False,6581,2382
759923798737051648,False,False,16284,6521
759846353224826880,False,False,7433,2265
759793422261743616,False,False,6620,2173
759566828574212096,False,False,0,24319
759557299618865152,False,False,5202,1341
759447681597108224,False,False,9418,2827
759446261539934208,False,False,1846,561
759197388317847553,False,False,6725,2221
759159934323924993,False,False,0,1359
759099523532779520,False,False,16101,4813
759047813560868866,False,False,7227,2302
758854675097526272,False,False,3904,1027
758828659922702336,False,False,12376,4376
758740312047005698,False,False,6339,1824
758474966123810816,False,False,4227,1132
758467244762497024,False,False,5316,2539
758405701903519748,False,False,5756,2204
758355060040593408,False,False,3797,1245
758099635764359168,False,False,21302,11550
758041019896193024,False,False,3001,433
757741869644341248,False,False,7613,3710
757729163776290825,False,False,0,9299
757725642876129280,False,False,5022,1391
757611664640446465,False,False,5026,1272
757597904299253760,False,False,0,336
757596066325864448,False,False,4808,1219
757400162377592832,False,False,16743,7759
757393109802180609,False,False,6462,2009
757354760399941633,False,False,4995,1637
756998049151549440,False,False,6923,2271
756939218950160384,False,False,7342,2295
756651752796094464,False,False,5612,1511
756526248105566208,False,False,11506,4169
756303284449767430,False,False,4359,1231
756288534030475264,False,False,28519,15071
756275833623502848,False,False,7114,1738
755955933503782912,False,False,8092,3285
755206590534418437,False,False,18212,6148
755110668769038337,False,False,23446,12621
754874841593970688,False,False,0,9193
754856583969079297,False,False,7616,2870
754747087846248448,False,False,2854,591
754482103782404096,False,False,5852,2220
754449512966619136,False,False,4147,846
754120377874386944,False,False,8655,2670
754011816964026368,False,False,9726,4079
753655901052166144,False,False,6458,2492
753420520834629632,False,False,8731,4071
753398408988139520,False,False,6384,2186
753375668877008896,False,False,8411,2655
753298634498793472,False,False,0,6620
753294487569522689,False,False,3758,1191
753039830821511168,False,False,41080,24013
753026973505581056,False,False,4283,1109
752932432744185856,False,False,13970,7798
752917284578922496,False,False,7592,1790
752701944171524096,False,False,0,3291
752682090207055872,False,False,6642,1846
752660715232722944,False,False,4878,1794
752568224206688256,False,False,6140,2605
752519690950500352,False,False,8157,3917
752334515931054080,False,False,4238,1263
752309394570878976,False,False,0,18963
752173152931807232,False,False,6569,2106
751950017322246144,False,False,3415,1060
751937170840121344,False,False,5770,1530
751830394383790080,False,False,6428,2227
751793661361422336,False,False,6479,3320
751598357617971201,False,False,8699,3440
751583847268179968,False,False,4849,1265
751538714308972544,False,False,5547,1445
751456908746354688,False,False,3516,1127
751251247299190784,False,False,13791,6695
751205363882532864,False,False,6948,2086
751132876104687617,False,False,5610,1480
750868782890057730,False,False,5306,1595
750719632563142656,False,False,14621,5747
750506206503038976,False,False,4934,1316
750429297815552001,False,False,14569,4947
750383411068534784,False,False,5005,1309
750381685133418496,False,False,758,39
750147208377409536,False,False,3409,1095
750132105863102464,False,False,3990,1440
750117059602808832,False,False,4740,1466
750101899009982464,False,False,3344,959
750086836815486976,False,False,2383,613
750071704093859840,False,False,8653,3802
750056684286914561,False,False,3444,1011
750041628174217216,False,False,3502,703
750026558547456000,False,False,2986,888
750011400160841729,False,False,3568,1035
749996283729883136,False,False,3331,919
749981277374128128,False,False,5569,2772
749774190421639168,False,False,5114,1493
749417653287129088,False,False,6721,1904
749403093750648834,False,False,2892,622
749395845976588288,False,False,9488,3951
749317047558017024,False,False,6076,2509
749075273010798592,False,False,6353,2360
749064354620928000,False,False,5277,1714
749036806121881602,False,False,3425,896
748977405889503236,False,False,11235,3759
748932637671223296,False,False,6461,2564
748705597323898880,False,False,3047,1067
748699167502000129,False,False,5213,1814
748692773788876800,False,False,4659,1504
748575535303884801,False,False,6696,2272
748568946752774144,False,False,2411,776
748346686624440324,False,False,5735,1413
748337862848962560,False,False,8462,4701
748324050481647620,False,False,4078,867
748307329658011649,False,False,4027,810
748220828303695873,False,False,15549,8825
747963614829678593,False,False,6397,2444
747933425676525569,False,False,7310,2894
747885874273214464,False,False,3243,1116
747844099428986880,False,False,3084,851
747816857231626240,False,False,5346,1316
747651430853525504,False,False,1520,179
747648653817413632,False,False,14182,6614
747600769478692864,False,True,2545,619
747594051852075008,False,False,4065,1205
747512671126323200,False,False,6110,1803
747461612269887489,False,False,4249,1169
747439450712596480,False,False,5965,2184
747242308580548608,False,False,0,3257
747219827526344708,False,False,5792,1791
747204161125646336,False,False,3722,1038
747103485104099331,False,False,10534,4548
746906459439529985,False,False,3168,336
746872823977771008,False,False,6593,2429
746818907684614144,False,False,5807,1944
746790600704425984,False,False,5345,1806
746757706116112384,False,False,10520,4432
746726898085036033,False,False,6648,2037
746542875601690625,False,False,5520,2104
746521445350707200,False,False,0,1110
746507379341139972,False,False,5094,1226
746369468511756288,False,False,6637,1854
746131877086527488,False,False,7565,2511
746056683365994496,False,False,3904,931
745789745784041472,False,False,4437,1207
745712589599014916,False,False,7652,2636
745433870967832576,False,False,7824,2894
745422732645535745,False,False,9412,2768
745314880350101504,False,False,7863,3131
745074613265149952,False,False,8605,3976
745057283344719872,False,False,7945,2585
744995568523612160,False,False,3277,716
744971049620602880,False,False,8652,3042
744709971296780288,False,False,6150,1771
744334592493166593,False,False,7443,2412
744234799360020481,False,False,131075,79515
744223424764059648,False,False,1868,424
743980027717509120,False,False,4551,1231
743895849529389061,False,False,3999,1087
743835915802583040,False,False,0,2387
743609206067040256,False,False,4917,1560
743595368194129920,False,False,20275,7445
743545585370791937,False,False,3863,1066
743510151680958465,False,False,8671,4185
743253157753532416,False,False,4624,1366
743222593470234624,False,False,6792,2164
743210557239623680,False,False,4215,1560
742534281772302336,False,False,7744,4011
742528092657332225,False,False,4878,2245
742465774154047488,False,False,7916,4382
742423170473463808,False,False,10812,4319
742385895052087300,False,False,7457,2266
742161199639494656,False,False,4743,1547
742150209887731712,False,False,5661,1783
741793263812808706,False,False,4982,1698
741743634094141440,False,False,8945,3144
741438259667034112,False,False,4026,937
741303864243200000,False,False,9631,3650
741099773336379392,False,False,10997,6247
741067306818797568,False,False,10342,3520
740995100998766593,False,False,7018,3154
740711788199743490,False,False,3736,1062
740699697422163968,False,False,3101,888
740676976021798912,False,False,19881,7724
740373189193256964,False,False,20648,9220
740365076218183684,False,False,2727,495
740359016048689152,False,False,3610,967
740214038584557568,False,False,7335,2220
739979191639244800,False,False,21898,6719
739932936087216128,False,False,4443,1217
739844404073074688,False,False,4138,966
739623569819336705,False,False,4185,1547
739606147276148736,False,False,5897,1876
739544079319588864,False,False,43694,24319
739485634323156992,False,False,7887,3309
739238157791694849,False,False,75163,52360
738891149612572673,False,False,115,6
738885046782832640,False,False,4127,1283
738883359779196928,False,False,3661,917
738537504001953792,False,False,5575,1759
738402415918125056,False,False,3599,955
738184450748633089,False,False,4727,1360
738166403467907072,False,False,9635,3828
738156290900254721,False,False,2768,748
737826014890496000,False,False,5757,2006
737800304142471168,False,False,10943,3904
737678689543020544,False,False,5528,1509
737445876994609152,False,False,11302,5048
737322739594330112,False,False,3953,907
737310737551491075,False,False,16040,8329
736736130620620800,False,False,4736,1972
736392552031657984,False,False,19450,8407
736365877722001409,False,False,4367,1408
736225175608430592,False,False,8901,3115
736010884653420544,False,False,8652,3355
735991953473572864,False,False,3934,1283
735648611367784448,False,False,4397,1237
735635087207878657,False,False,6776,2659
735274964362878976,False,False,9629,4707
735256018284875776,False,False,3675,993
735137028879360001,False,False,3428,1092
734912297295085568,False,False,2993,572
734787690684657664,False,False,13745,7102
734776360183431168,False,False,2742,608
734559631394082816,False,False,1646,451
733828123016450049,False,False,3926,881
733822306246479872,False,False,4015,1141
733482008106668032,False,False,3438,1065
733460102733135873,False,False,4605,1451
733109485275860992,False,False,44619,17621
732732193018155009,False,False,2671,599
732726085725589504,False,False,3855,1003
732585889486888962,False,False,4016,868
732375214819057664,False,False,8832,2838
732005617171337216,False,False,16324,6154
731285275100512256,False,False,3798,1090
731156023742988288,False,False,4196,1434
730924654643314689,False,False,6682,2234
730573383004487680,False,False,5407,2435
730427201120833536,False,False,3809,1176
730211855403241472,False,False,4180,1182
730196704625098752,False,False,5339,2172
729854734790754305,False,False,4396,1268
729838605770891264,False,False,1856,431
729823566028484608,False,False,4358,1390
729463711119904772,False,False,6340,2586
729113531270991872,False,False,2054,370
728986383096946689,False,False,3460,917
728760639972315136,False,False,5090,1911
728751179681943552,False,False,3032,757
728653952833728512,False,False,3620,1169
728409960103686147,False,False,5383,2269
728387165835677696,False,False,3999,1075
728046963732717569,False,False,4722,1328
728035342121635841,False,False,4953,1872
728015554473250816,False,False,4479,1219
727685679342333952,False,False,3206,720
727644517743104000,False,False,6431,1962
727524757080539137,False,False,4900,1379
727314416056803329,False,False,3623,834
727286334147182592,False,False,3324,920
727175381690781696,False,False,4209,1540
727155742655025152,False,False,3983,1490
726935089318363137,False,False,7496,2738
726887082820554753,False,False,4195,1677
726828223124897792,False,False,3882,1124
726224900189511680,False,False,4811,1302
725842289046749185,False,False,7691,2970
725786712245440512,False,False,4537,1527
725729321944506368,False,False,5646,2009
725458796924002305,False,False,1541,703
724983749226668032,False,False,4040,1462
724771698126512129,False,False,2593,725
724405726123311104,False,False,5800,1847
724049859469295616,False,False,4738,1984
724046343203856385,False,False,2901,620
724004602748780546,False,False,4561,1790
723912936180330496,False,False,4236,1374
723688335806480385,False,False,8435,3347
723673163800948736,False,False,3291,1011
723179728551723008,False,False,5761,2110
722974582966214656,False,False,4493,1764
722613351520608256,False,False,5393,1831
721503162398597120,False,False,5086,2124
721001180231503872,False,False,2748,686
720785406564900865,False,False,3400,866
720775346191278080,False,False,2702,760
720415127506415616,False,False,4503,1681
720389942216527872,False,False,6974,2840
720340705894408192,False,False,3131,1098
720059472081784833,False,False,4229,1268
720043174954147842,False,False,5332,2253
719991154352222208,False,False,5281,1979
719704490224398336,False,False,4974,1645
719551379208073216,False,False,5515,2192
719367763014393856,False,False,3022,827
719339463458033665,False,False,4822,1403
719332531645071360,False,False,3711,1078
718971898235854848,False,False,3818,1231
718939241951195136,False,False,5720,1973
718631497683582976,False,False,20697,9126
718613305783398402,False,False,2669,542
718540630683709445,False,False,2730,1137
718460005985447936,False,False,2846,602
718454725339934721,False,False,5320,1685
718246886998687744,False,False,2115,565
718234618122661888,False,False,4217,1127
717841801130979328,False,False,2660,670
717790033953034240,False,False,3170,1272
717537687239008257,False,False,6281,2069
717428917016076293,False,False,1748,510
717421804990701568,False,False,3446,945
717047459982213120,False,False,6826,2135
717009362452090881,False,False,3583,1102
716802964044845056,False,False,4627,1317
716791146589110272,False,False,5204,1474
716730379797970944,False,False,1339,475
716447146686459905,False,False,14327,6643
716439118184652801,False,False,2574,247
716285507865542656,False,False,3041,1225
716080869887381504,False,False,5272,1935
715928423106027520,False,False,3485,987
715758151270801409,False,False,4085,1596
715733265223708672,False,False,5093,1920
715704790270025728,False,False,3055,634
715696743237730304,False,False,4257,1454
715680795826982913,False,False,4719,1813
715360349751484417,False,False,5955,1772
715342466308784130,False,False,3294,768
715220193576927233,False,False,2630,736
715200624753819648,False,False,5578,2110
715009755312439296,False,False,4550,1392
714982300363173890,False,False,4094,1166
714962719905021952,False,False,8028,4816
714957620017307648,False,False,4503,1595
714631576617938945,False,False,3571,1122
714606013974974464,False,False,3938,1038
714485234495041536,False,False,2962,1313
714258258790387713,False,False,3281,808
714251586676113411,False,False,3570,940
714214115368108032,False,False,2480,990
714141408463036416,False,False,4673,1569
713919462244790272,False,False,3564,869
713909862279876608,False,False,2078,616
713900603437621249,False,False,3062,829
713761197720473600,False,False,5308,1541
713411074226274305,False,False,4802,1440
713177543487135744,False,False,7854,3183
713175907180089344,False,False,4851,1630
712809025985978368,False,False,20378,7602
712717840512598017,False,False,13474,5616
712668654853337088,False,False,4531,1367
712438159032893441,False,False,5799,1756
712309440758808576,False,False,269,26
712097430750289920,False,False,4144,1172
712092745624633345,False,False,3211,1016
712085617388212225,False,False,3531,556
712065007010385924,False,False,2451,700
711998809858043904,False,False,0,138
711968124745228288,False,False,8776,2601
711743778164514816,False,False,3095,1101
711732680602345472,False,False,9756,4653
711694788429553666,False,False,35865,20500
711652651650457602,False,False,4228,1037
711363825979756544,False,False,3996,1287
711306686208872448,False,False,3596,819
711008018775851008,False,False,3275,710
710997087345876993,False,False,4960,1561
710844581445812225,False,False,2775,779
710833117892898816,False,False,2937,606
710658690886586372,False,False,2529,636
710609963652087808,False,False,5227,2624
710588934686908417,False,False,4968,2107
710296729921429505,False,False,2574,833
710283270106132480,False,False,2308,580
710272297844797440,False,False,4945,1425
710269109699739648,False,False,2613,1257
710153181850935296,False,False,3153,1006
710140971284037632,False,False,3017,1008
710117014656950272,False,False,5999,2233
709918798883774466,False,False,3250,1215
709901256215666688,False,False,732,112
709852847387627521,False,False,3824,1336
709566166965075968,False,False,3865,1367
709556954897764353,False,False,3593,1204
709519240576036864,False,False,1620,277
709449600415961088,False,False,2420,665
709409458133323776,False,False,2855,788
709225125749587968,False,False,2615,647
709207347839836162,False,False,13755,6567
709198395643068416,False,False,2634,721
709179584944730112,False,False,2213,763
709158332880297985,False,False,2236,470
709042156699303936,False,False,5197,1864
708853462201716736,False,False,1941,745
708845821941387268,False,False,3226,1015
708834316713893888,False,False,1860,571
708810915978854401,False,False,18036,7848
708738143638450176,False,False,2997,917
708711088997666817,False,False,2790,834
708479650088034305,False,False,2768,765
708469915515297792,False,False,3357,926
708400866336894977,False,False,17516,11330
708356463048204288,False,False,3929,1520
708349470027751425,False,False,2568,831
708149363256774660,False,False,4672,1727
708130923141795840,False,False,3707,943
708119489313951744,False,False,2937,1102
708109389455101952,False,False,2124,610
708026248782585858,False,False,4799,2166
707995814724026368,False,False,3385,1273
707983188426153984,False,False,52,2
707969809498152960,False,False,2941,1097
707776935007539200,False,False,3593,1079
707741517457260545,False,False,2718,696
707738799544082433,False,False,4495,2785
707693576495472641,False,False,3765,1133
707629649552134146,False,False,2834,997
707610948723478529,False,False,18557,7236
707420581654872064,False,False,2499,789
707411934438625280,False,False,2486,673
707387676719185920,False,False,3835,1490
707377100785885184,False,False,3603,1214
707315916783140866,False,False,2698,727
707297311098011648,False,False,3022,903
707059547140169728,False,False,2796,759
707038192327901184,False,False,2404,900
707021089608753152,False,False,4433,1540
707014260413456384,False,False,2502,664
706904523814649856,False,False,15961,8830
706901761596989440,False,False,2264,680
706681918348251136,False,False,3627,1103
706644897839910912,False,False,2814,1224
706593038911545345,False,False,2363,718
706538006853918722,False,False,3778,1580
706516534877929472,False,False,3404,1150
706346369204748288,False,False,3768,1035
706310011488698368,False,False,23443,9034
706291001778950144,False,False,1861,522
706265994973601792,False,False,2979,1030
706169069255446529,False,False,4291,2511
706166467411222528,False,False,5636,1819
706153300320784384,False,False,1632,437
705975130514706432,False,False,3397,842
705970349788291072,False,False,3440,1008
705898680587526145,False,False,2597,643
705786532653883392,False,False,2132,596
705591895322394625,False,False,3475,1308
705475953783398401,False,False,3231,1045
705442520700944385,False,False,4877,1859
705428427625635840,False,False,4188,1931
705239209544720384,False,False,3290,854
705223444686888960,False,False,2829,900
705102439679201280,False,False,2342,585
705066031337840642,False,False,2378,683
704871453724954624,False,False,4585,1245
704859558691414016,False,False,2462,612
704847917308362754,False,False,5594,1727
704819833553219584,False,False,2906,1136
704761120771465216,False,False,7283,3257
704499785726889984,False,False,3212,1124
704491224099647488,False,False,840,97
704480331685040129,False,False,3723,1197
704364645503647744,False,False,8804,3999
704347321748819968,False,False,1729,393
704134088924532736,False,False,1653,519
704113298707505153,False,False,2031,629
704054845121142784,False,False,3201,1028
703774238772166656,False,False,2020,526
703769065844768768,False,False,3621,1276
703631701117943808,False,False,2853,772
703611486317502464,False,False,4229,1709
703425003149250560,False,False,4162,1559
703407252292673536,False,False,2685,786
703382836347330562,False,False,3837,1285
703356393781329922,False,False,2085,429
703268521220972544,False,False,2152,618
703079050210877440,False,False,8064,3494
703041949650034688,False,False,28996,14198
702932127499816960,False,False,2825,811
702899151802126337,False,False,1772,509
702684942141153280,False,False,3516,1215
702671118226825216,False,False,2398,634
702598099714314240,False,False,11332,3712
702539513671897089,False,False,3134,1091
702332542343577600,False,False,3491,1755
702321140488925184,False,False,3604,1156
702276748847800320,False,False,2706,860
702217446468493312,False,False,5268,1526
701981390485725185,False,False,3755,1106
701952816642965504,False,False,4167,1149
701889187134500865,False,False,3905,1558
701805642395348998,False,False,3752,1900
701601587219795968,False,False,2299,523
701570477911896070,False,False,3080,1055
701545186879471618,False,False,2902,680
701214700881756160,False,False,13475,5812
700890391244103680,False,False,2437,653
700864154249383937,False,False,2828,685
700847567345688576,False,False,2637,558
700796979434098688,False,False,2669,1085
700747788515020802,False,False,25130,10673
700518061187723268,False,False,2887,915
700505138482569216,False,False,2487,646
700462010979500032,False,False,4537,2031
700167517596164096,False,False,2903,836
700151421916807169,False,False,2450,754
700143752053182464,False,False,8282,3129
700062718104104960,False,False,2890,778
700029284593901568,False,False,2262,661
700002074055016451,False,False,3627,1529
699801817392291840,False,False,3345,1088
699788877217865730,False,False,2458,557
699779630832685056,False,False,3039,1397
699775878809702401,False,False,2150,690
699691744225525762,False,False,11252,5174
699446877801091073,False,False,6515,2938
699434518667751424,False,False,2384,577
699423671849451520,False,False,1505,383
699413908797464576,False,False,2258,688
699370870310113280,False,False,2053,497
699323444782047232,False,False,3466,983
699088579889332224,False,False,2451,715
699079609774645248,False,False,2677,745
699072405256409088,False,False,3296,1325
699060279947165696,False,False,4173,2059
699036661657767936,False,False,2863,1345
698989035503689728,False,False,3701,1113
698953797952008193,False,False,2975,1020
698907974262222848,False,False,2787,699
698710712454139905,False,False,2710,774
698703483621523456,False,False,1608,425
698635131305795584,False,False,1400,388
698549713696649216,False,False,2536,704
698355670425473025,False,False,2046,516
698342080612007937,False,False,2485,1074
698262614669991936,False,False,5214,2268
698195409219559425,False,False,18408,6750
698178924120031232,False,False,3084,830
697995514407682048,False,False,1665,372
697990423684476929,False,False,3592,1451
697943111201378304,False,False,2638,776
697881462549430272,False,False,3313,1337
697630435728322560,False,False,1909,614
697616773278015490,False,False,3467,1144
697596423848730625,False,False,3306,1425
697575480820686848,False,False,2250,572
697516214579523584,False,False,2281,1282
697482927769255936,False,False,2662,765
697463031882764288,False,False,3748,1552
697270446429966336,False,False,5131,2087
697259378236399616,False,False,3611,1136
697255105972801536,False,False,3316,1315
697242256848379904,False,False,2753,751
696900204696625153,False,False,3492,1156
696894894812565505,False,False,2594,758
696886256886657024,False,False,5317,2016
696877980375769088,False,False,2689,802
696754882863349760,False,False,1615,396
696744641916489729,False,False,2293,1069
696713835009417216,False,False,2613,757
696518437233913856,False,False,4274,1887
696490539101908992,False,False,1339,170
696488710901260288,False,False,2788,1166
696405997980676096,False,False,3531,1284
696100768806522880,False,False,2125,750
695816827381944320,False,False,3287,1320
695794761660297217,False,False,3490,880
695767669421768709,False,False,2060,854
695629776980148225,False,False,5020,2377
695446424020918272,False,False,4787,2026
695409464418041856,False,False,9460,4017
695314793360662529,False,False,4004,1675
695095422348574720,False,False,2888,684
695074328191332352,False,False,3116,1239
695064344191721472,False,False,1771,685
695051054296211456,False,False,2918,885
694925794720792577,False,False,2965,1043
694905863685980160,False,False,3046,1053
694669722378485760,False,False,26068,13517
694356675654983680,False,False,1653,328
694352839993344000,False,False,2244,700
694342028726001664,False,False,1727,557
694329668942569472,False,False,2203,569
694206574471057408,False,False,4582,2297
694183373896572928,False,False,3236,1040
694001791655137281,False,False,3705,1176
693993230313091072,False,False,2044,457
693942351086120961,False,False,1896,413
693647888581312512,False,False,2961,673
693644216740769793,False,False,1473,150
693642232151285760,False,False,2790,472
693629975228977152,False,False,2685,894
693622659251335168,False,False,1691,422
693590843962331137,False,False,5565,2233
693582294167244802,False,False,1802,292
693486665285931008,False,False,1941,698
693280720173801472,False,False,3669,1403
693267061318012928,False,False,2622,925
693262851218264065,False,False,2459,568
693231807727280129,False,False,3133,841
693155686491000832,False,False,8668,3622
693109034023534592,False,False,1889,695
693095443459342336,False,False,2056,523
692919143163629568,False,False,2926,838
692905862751522816,False,False,2683,998
692901601640583168,False,False,1971,682
692894228850999298,False,False,2511,910
692828166163931137,False,False,3148,998
692752401762250755,False,False,7496,4124
692568918515392513,False,False,4739,1737
692535307825213440,False,False,3504,1529
692530551048294401,False,False,2021,474
692423280028966913,False,False,1618,265
692417313023332352,False,False,10275,3917
692187005137076224,False,False,2768,929
692158366030913536,False,False,2369,896
692142790915014657,False,False,1798,438
692041934689402880,False,False,3724,1424
692017291282812928,False,False,3153,1081
691820333922455552,False,False,4329,1860
691793053716221953,False,False,8910,4732
691756958957883396,False,False,3179,1161
691675652215414786,False,False,2116,577
691483041324204033,False,False,2608,656
691459709405118465,False,False,4449,1294
691444869282295808,False,False,2890,955
691416866452082688,False,False,21253,8689
691321916024623104,False,False,2828,747
691096613310316544,False,False,3253,1019
691090071332753408,False,False,1867,385
690989312272396288,False,False,6513,3282
690959652130045952,False,False,3902,1421
690938899477221376,False,False,4536,2245
690932576555528194,False,False,3602,1143
690735892932222976,False,False,4134,1442
690728923253055490,False,False,2384,597
690690673629138944,False,False,2547,898
690649993829576704,False,False,1435,325
690607260360429569,False,False,313,19
690597161306841088,False,False,2163,681
690400367696297985,False,False,2041,509
690374419777196032,False,False,3560,972
690360449368465409,False,False,2925,1006
690348396616552449,False,False,1644,573
690248561355657216,False,False,1845,477
690021994562220032,False,False,3056,1180
690015576308211712,False,False,2740,836
690005060500217858,False,False,4004,1907
689999384604450816,False,False,1561,424
689993469801164801,False,False,1618,518
689977555533848577,False,False,1490,502
689905486972461056,False,False,2651,787
689877686181715968,False,False,3323,1344
689835978131935233,False,False,2369,850
689661964914655233,False,False,3501,1052
689659372465688576,False,False,11394,4412
689623661272240129,False,False,2467,748
689599056876867584,False,False,12795,6265
689557536375177216,False,False,2257,519
689517482558820352,False,False,3735,1609
689289219123089408,False,False,2476,1056
689283819090870273,False,False,3624,1250
689280876073582592,False,False,2197,819
689275259254616065,False,False,1273,285
689255633275777024,False,False,2805,1212
689154315265683456,False,False,3348,1128
689143371370250240,False,False,2232,579
688916208532455424,False,False,3003,983
688908934925697024,False,False,2310,874
688898160958271489,False,False,2307,890
688894073864884227,False,False,2462,792
688828561667567616,False,False,1508,420
688804835492233216,False,False,1043,227
688789766343622656,False,False,2434,759
688547210804498433,False,False,2862,789
688519176466644993,False,False,2520,825
688385280030670848,False,False,10180,5035
688211956440801280,False,False,2426,937
688179443353796608,False,False,2328,669
688116655151435777,False,False,3093,888
688064179421470721,False,False,1878,408
687841446767013888,False,False,6009,2872
687826841265172480,False,False,2989,1292
687818504314159109,False,False,2758,1080
687807801670897665,False,False,2625,801
687732144991551489,False,False,1935,750
687704180304273409,False,False,2660,950
687664829264453632,False,False,2121,576
687494652870668288,False,False,2104,654
687480748861947905,False,False,1760,281
687476254459715584,False,False,2187,619
687460506001633280,False,False,2243,614
687399393394311168,False,False,2081,702
687317306314240000,False,False,22073,10411
687312378585812992,False,False,4777,2146
687127927494963200,False,False,6004,2591
687124485711986689,False,False,2371,577
687109925361856513,False,False,6370,2803
687102708889812993,False,False,2571,1124
687096057537363968,False,False,2449,695
686947101016735744,False,False,9433,3582
686760001961103360,False,False,3852,1551
686749460672679938,False,False,3812,1666
686730991906516992,False,False,4543,1350
686683045143953408,False,False,3072,912
686618349602762752,False,False,4042,1544
686606069955735556,False,False,2071,607
686394059078897668,False,False,1928,769
686386521809772549,False,False,3553,996
686377065986265092,False,False,2433,637
686358356425093120,False,False,2398,776
686286779679375361,False,False,4392,1887
686050296934563840,False,False,2420,836
686035780142297088,False,False,1274,138
686034024800862208,False,False,3424,1324
686007916130873345,False,False,2704,472
686003207160610816,False,False,2009,735
685973236358713344,False,False,2326,611
685943807276412928,False,False,1801,696
685906723014619143,False,False,8277,3303
685681090388975616,False,False,2069,140
685667379192414208,False,False,2579,666
685663452032069632,False,False,3557,1656
685641971164143616,False,False,3218,885
685547936038666240,False,False,35052,17465
685532292383666176,False,False,3336,1298
685325112850124800,False,False,10471,4535
685321586178670592,False,False,2910,735
685315239903100929,False,False,3676,1234
685307451701334016,False,False,2262,496
685268753634967552,False,False,3419,1371
685198997565345792,False,False,2566,764
685169283572338688,False,False,4489,1620
684969860808454144,False,False,2374,421
684959798585110529,False,False,7004,3487
684940049151070208,False,False,3523,1191
684926975086034944,False,False,3849,552
684914660081053696,False,False,3848,1662
684902183876321280,False,False,2053,605
684880619965411328,False,False,2305,936
684830982659280897,False,False,38551,24514
684800227459624960,False,False,2979,1124
684594889858887680,False,False,9843,4016
684588130326986752,False,False,4489,1592
684567543613382656,False,False,3312,1418
684538444857667585,False,False,2915,1085
684481074559381504,False,False,4249,1320
684460069371654144,False,False,2169,628
684241637099323392,False,False,8999,3727
684225744407494656,False,False,1369,239
684222868335505415,False,False,4225,1563
684200372118904832,False,False,2394,1177
684195085588783105,False,False,2108,595
684188786104872960,False,False,3831,1343
684177701129875456,False,False,2215,764
684147889187209216,False,False,3265,1703
684122891630342144,False,False,2176,539
684097758874210310,False,False,4515,1621
683857920510050305,False,False,4163,1262
683852578183077888,False,False,2111,397
683849932751646720,False,False,2896,1116
683834909291606017,False,False,2880,1265
683828599284170753,False,False,3053,1195
683773439333797890,False,False,3684,1533
683742671509258241,False,False,7162,3781
683515932363329536,False,False,8058,3291
683498322573824003,False,False,3469,1095
683481228088049664,False,False,2878,1118
683462770029932544,False,False,2676,761
683449695444799489,False,False,4290,1837
683391852557561860,False,False,8356,2702
683357973142474752,False,False,3238,1059
683142553609318400,False,False,3162,1173
683111407806746624,False,False,3736,1034
683098815881154561,False,False,2361,736
683078886620553216,False,False,2176,634
683030066213818368,False,False,2370,832
682962037429899265,False,False,26239,15043
682808988178739200,False,False,1953,210
682788441537560576,False,False,2706,1258
682750546109968385,False,False,1674,494
682697186228989953,False,False,1440,397
682662431982772225,False,False,3326,1207
682638830361513985,False,False,2266,675
682429480204398592,False,False,3769,1320
682406705142087680,False,False,8319,2019
682393905736888321,False,False,2441,773
682389078323662849,False,False,1828,518
682303737705140231,False,False,3389,1135
682259524040966145,False,False,4578,1375
682242692827447297,False,False,3566,1341
682088079302213632,False,False,20108,11271
682059653698686977,False,False,5442,1915
682047327939461121,False,False,3525,1088
682032003584274432,False,False,7223,2294
682003177596559360,False,False,3464,1722
681981167097122816,False,False,3043,1161
681891461017812993,False,False,2706,951
681694085539872773,False,False,14010,4581
681679526984871937,False,False,1923,499
681654059175129088,False,False,2903,1045
681610798867845120,False,False,2100,533
681579835668455424,False,False,3893,1489
681523177663676416,False,False,15749,6620
681340665377193984,False,False,1803,313
681339448655802368,False,False,10202,4598
681320187870711809,False,False,2918,863
681302363064414209,False,False,4347,2072
681297372102656000,False,False,3490,1091
681281657291280384,False,False,3520,1258
681261549936340994,False,False,1597,308
681242418453299201,False,False,1645,624
681231109724700672,False,False,2629,540
681193455364796417,False,False,4077,1691
680970795137544192,False,False,2665,749
680959110691590145,False,False,4986,2243
680940246314430465,False,False,3544,1225
680934982542561280,False,False,2285,497
680913438424612864,False,False,2609,705
680889648562991104,False,False,1945,418
680836378243002368,False,False,3766,1513
680805554198020098,False,False,2370,751
680801747103793152,False,False,2600,925
680798457301471234,False,False,3134,1182
680609293079592961,False,False,2906,816
680583894916304897,False,False,3939,1514
680497766108381184,False,False,4639,2162
680494726643068929,False,False,1879,542
680473011644985345,False,False,2778,844
680440374763077632,False,False,1583,564
680221482581123072,False,False,1598,329
680206703334408192,False,False,3115,1323
680191257256136705,False,False,2356,577
680176173301628928,False,False,4263,1760
680161097740095489,False,False,2538,828
680145970311643136,False,False,3955,1972
680130881361686529,False,False,2519,1078
680115823365742593,False,False,2972,1028
680100725817409536,False,False,3891,1554
680085611152338944,False,False,13959,10034
680070545539371008,False,False,2818,994
680055455951884288,False,False,18278,8067
679877062409191424,False,False,2155,726
679872969355714560,False,False,2365,749
679862121895714818,False,False,2678,706
679854723806179328,False,False,3143,1402
679844490799091713,False,False,2593,887
679828447187857408,False,False,39726,15839
679777920601223168,False,False,3390,1281
679736210798047232,False,False,2311,918
679729593985699840,False,False,2367,937
679722016581222400,False,False,1817,539
679530280114372609,False,False,5208,2347
679527802031484928,False,False,2892,823
679511351870550016,False,False,3711,1461
679503373272485890,False,False,3484,1673
679475951516934144,False,False,2304,728
679462823135686656,False,False,34856,21324
679405845277462528,False,False,2594,1364
679158373988876288,False,False,23568,9193
679148763231985668,False,False,3028,1163
679132435750195208,False,False,3253,1314
679111216690831360,False,False,6514,2893
679062614270468097,False,False,18712,9299
679047485189439488,False,False,2460,781
679001094530465792,False,False,3075,1378
678991772295516161,False,False,2537,1333
678969228704284672,False,False,1796,528
678800283649069056,False,False,2810,1018
678798276842360832,False,False,3804,1350
678774928607469569,False,False,3037,1043
678767140346941444,False,False,3864,1553
678764513869611008,False,False,1788,544
678755239630127104,False,False,7802,3741
678740035362037760,False,False,4099,1926
678708137298427904,False,False,6082,2753
678675843183484930,False,False,3155,1680
678643457146150913,False,False,2250,489
678446151570427904,False,False,4358,1785
678424312106393600,False,False,5916,2880
678410210315247616,False,False,4640,2072
678399652199309312,False,False,61794,30742
678396796259975168,False,False,1731,478
678389028614488064,False,False,2044,473
678380236862578688,False,False,2655,1020
678341075375947776,False,False,1896,612
678334497360859136,False,False,1427,304
678278586130948096,False,False,12531,6857
678255464182861824,False,False,1726,418
678023323247357953,False,False,2095,439
678021115718029313,False,False,15018,7148
677961670166224897,False,False,3701,1879
677918531514703872,False,False,1476,463
677895101218201600,False,False,5275,2384
677716515794329600,False,False,3323,1104
677700003327029250,False,False,3689,1622
677698403548192770,False,False,1332,363
677687604918272002,False,False,2681,950
677673981332312066,False,False,3603,1677
677662372920729601,False,False,2134,1101
677644091929329666,False,False,2040,886
677573743309385728,False,False,2322,819
677565715327688705,False,False,1409,513
677557565589463040,False,False,2665,1322
677547928504967168,False,False,7568,4076
677530072887205888,False,False,1161,250
677335745548390400,False,False,3328,2017
677334615166730240,False,False,1477,328
677331501395156992,False,False,1189,265
677328882937298944,False,False,3938,1693
677314812125323265,False,False,1799,611
677301033169788928,False,False,1362,471
677269281705472000,False,False,2164,790
677228873407442944,False,False,3837,1840
677187300187611136,False,False,2981,1033
676975532580409345,False,False,3015,1203
676957860086095872,False,False,2395,907
676949632774234114,False,False,1413,448
676948236477857792,False,False,2354,980
676946864479084545,False,False,1844,426
676942428000112642,False,False,2261,855
676936541936185344,False,False,13809,5515
676916996760600576,False,False,3231,2002
676897532954456065,False,False,2426,817
676864501615042560,False,False,2294,808
676821958043033607,False,False,25124,17605
676819651066732545,False,False,1957,741
676811746707918848,False,False,1536,469
676776431406465024,False,False,5405,2249
676617503762681856,False,False,3149,1108
676613908052996102,False,False,1183,219
676606785097199616,False,False,2039,490
676603393314578432,False,False,1280,440
676593408224403456,False,False,4954,2410
676590572941893632,False,False,1001,142
676588346097852417,False,False,2533,896
676582956622721024,False,False,1310,312
676575501977128964,False,False,2807,1254
676533798876651520,False,False,2025,621
676496375194980353,False,False,1641,602
676470639084101634,False,False,12616,5224
676440007570247681,False,False,1863,748
676430933382295552,False,False,1526,385
676263575653122048,False,False,2243,609
676237365392908289,False,False,1335,331
676219687039057920,False,False,67100,31989
676215927814406144,False,False,1881,661
676191832485810177,False,False,2478,1145
676146341966438401,False,False,2077,744
676121918416756736,False,False,2335,1297
676101918813499392,False,False,3042,1284
676098748976615425,False,False,3279,1623
676089483918516224,False,False,1431,483
675898130735476737,False,False,1774,653
675891555769696257,False,False,2297,976
675888385639251968,False,False,2581,1067
675878199931371520,False,False,4531,1570
675870721063669760,False,False,1783,632
675853064436391936,False,False,2927,1460
675849018447167488,False,False,1027,172
675845657354215424,False,False,2477,1000
675822767435051008,False,False,1652,591
675820929667219457,False,False,1140,260
675798442703122432,False,False,11101,3787
675781562965868544,False,False,1750,537
675740360753160193,False,False,1257,388
675710890956750848,False,False,2046,928
675707330206547968,False,False,2154,771
675706639471788032,False,False,693,106
675534494439489536,False,False,1953,470
675531475945709568,False,False,1276,428
675522403582218240,False,False,1122,316
675517828909424640,False,False,1414,507
675501075957489664,False,False,18482,6485
675497103322386432,False,False,3397,1443
675489971617296384,False,False,1406,672
675483430902214656,False,False,1985,1081
675432746517426176,False,False,1623,627
675372240448454658,False,False,1838,563
675362609739206656,False,False,1136,262
675354435921575936,False,False,35178,18963
675349384339542016,False,False,4237,2532
675334060156301312,False,False,3007,1436
675166823650848770,False,False,3920,1795
675153376133427200,False,False,6072,2734
675149409102012420,False,False,4037,1878
675147105808306176,False,False,1026,273
675146535592706048,False,False,1300,349
675145476954566656,False,False,2305,1011
675135153782571009,False,False,1398,542
675113801096802304,False,False,2120,877
675111688094527488,False,False,1042,283
675109292475830276,False,False,3006,1259
675047298674663426,False,False,1141,366
675015141583413248,False,False,2918,1335
675006312288268288,False,False,1057,252
675003128568291329,False,False,1672,517
674999807681908736,False,False,2433,1232
674805413498527744,False,False,934,391
674800520222154752,False,False,3240,949
674793399141146624,False,False,2697,1225
674790488185167872,False,False,1180,278
674788554665512960,False,False,871,230
674781762103414784,False,False,2169,1335
674774481756377088,False,False,1213,532
674767892831932416,False,False,1981,883
674764817387900928,False,False,852,263
674754018082705410,False,False,1456,488
674752233200820224,False,False,1580,516
674743008475090944,False,False,1514,607
674742531037511680,False,False,527,55
674739953134403584,False,False,1194,437
674737130913071104,False,False,693,103
674690135443775488,False,False,1237,510
674670581682434048,False,False,1751,729
674664755118911488,False,False,994,276
674646392044941312,False,False,1533,557
674644256330530816,False,False,1111,311
674638615994089473,False,False,1806,650
674632714662858753,False,False,1617,637
674606911342424069,False,False,1013,115
674468880899788800,False,False,6676,2275
674447403907457024,False,False,1137,393
674436901579923456,False,False,1198,426
674422304705744896,False,False,1536,592
674416750885273600,False,False,731,157
674410619106390016,False,False,1289,515
674394782723014656,False,False,1607,635
674372068062928900,False,False,931,346
674330906434379776,False,False,602,83
674318007229923329,False,False,1516,570
674307341513269249,False,False,12129,7641
674291837063053312,False,False,15817,6533
674271431610523648,False,False,1682,800
674269164442398721,False,False,961,255
674265582246694913,False,False,1766,936
674262580978937856,False,False,1391,498
674255168825880576,False,False,1581,619
674082852460433408,False,False,804,186
674075285688614912,False,False,1047,316
674063288070742018,False,False,6769,2450
674053186244734976,False,False,3576,1441
674051556661161984,False,False,1564,530
674045139690631169,False,False,1520,710
674042553264685056,False,False,772,142
674038233588723717,False,False,1176,456
674036086168010753,False,False,906,240
674024893172875264,False,False,1914,1360
674019345211760640,False,False,1208,340
674014384960745472,False,False,1676,714
674008982932058114,False,False,1297,393
673956914389192708,False,False,2091,1069
673919437611909120,False,False,1251,401
673906403526995968,False,False,3406,1799
673887867907739649,False,False,994,274
673716320723169284,False,False,3289,843
673715861853720576,False,False,3815,2303
673711475735838725,False,False,1114,325
673709992831262724,False,False,908,306
673708611235921920,False,False,1153,315
673707060090052608,False,False,1177,434
673705679337693185,False,False,1337,439
673700254269775872,False,False,1532,638
673697980713705472,False,False,4067,2165
673689733134946305,False,False,1855,700
673688752737402881,False,False,1325,534
673686845050527744,False,False,1544,479
673680198160809984,False,False,1460,521
673662677122719744,False,False,1339,397
673656262056419329,False,False,769,265
673636718965334016,False,False,1194,404
673612854080196609,False,False,1691,802
673583129559498752,False,False,1273,403
673580926094458881,False,False,882,297
673576835670777856,False,False,1482,613
673363615379013632,False,False,1088,338
673359818736984064,False,False,1558,728
673355879178194945,False,False,1606,652
673352124999274496,False,False,1761,597
673350198937153538,False,False,784,229
673345638550134785,False,False,2700,1422
673343217010679808,False,False,1038,289
673342308415348736,False,False,1362,649
673320132811366400,False,False,14441,8705
673317986296586240,False,False,924,293
673295268553605120,False,False,8046,3484
673270968295534593,False,False,1134,400
673240798075449344,False,False,1510,798
673213039743795200,False,False,2410,929
673148804208660480,False,False,1822,688
672997845381865473,False,False,2092,786
672995267319328768,False,False,1001,328
672988786805112832,False,False,1039,314
672984142909456390,False,False,1338,593
672980819271634944,False,False,1930,1079
672975131468300288,False,False,1813,1015
672970152493887488,False,False,1019,391
672968025906282496,False,False,1405,602
672964561327235073,False,False,1530,701
672902681409806336,False,False,1452,550
672898206762672129,False,False,944,459
672884426393653248,False,False,1661,897
672877615439593473,False,False,1096,405
672834301050937345,False,False,1398,623
672828477930868736,False,False,1343,533
672640509974827008,False,False,1032,348
672622327801233409,False,False,1377,542
672614745925664768,False,False,1302,644
672609152938721280,False,False,1180,424
672604026190569472,False,False,1188,445
672594978741354496,False,False,1411,661
672591762242805761,False,False,1014,367
672591271085670400,False,False,782,207
672538107540070400,False,False,1089,404
672523490734551040,False,False,696,189
672488522314567680,False,False,1187,482
672482722825261057,False,False,1221,665
672481316919734272,False,False,757,137
672475084225949696,False,False,1529,770
672466075045466113,False,False,1447,598
672272411274932228,False,False,6888,3677
672267570918129665,False,False,1588,666
672264251789176834,False,False,1212,383
672256522047614977,False,False,2999,1699
672254177670729728,False,False,1515,800
672248013293752320,False,False,1833,656
672245253877968896,False,False,733,169
672239279297454080,False,False,953,347
672231046314901505,False,False,1956,1089
672222792075620352,False,False,833,231
672205392827572224,False,False,2414,1270
672169685991993344,False,False,1074,408
672160042234327040,False,False,918,395
672139350159835138,False,False,1876,792
672125275208069120,False,False,2578,1253
672095186491711488,False,False,1063,395
672082170312290304,False,False,1003,402
672068090318987265,False,False,1389,564
671896809300709376,False,False,9016,4519
671891728106971137,False,False,1415,618
671882082306625538,False,False,3693,1488
671879137494245376,False,False,1507,748
671874878652489728,False,False,1330,601
671866342182637568,False,False,1191,548
671855973984772097,False,False,977,502
671789708968640512,False,False,7527,3811
671768281401958400,False,False,1269,572
671763349865160704,False,False,1788,999
671744970634719232,False,False,1430,841
671743150407421952,False,False,779,248
671735591348891648,False,False,1534,819
671729906628341761,False,False,9119,4795
671561002136281088,False,False,13679,7931
671550332464455680,False,False,967,229
671547767500775424,False,False,1444,658
671544874165002241,False,False,2126,1145
671542985629241344,False,False,1166,616
671538301157904385,False,False,993,436
671536543010570240,False,False,1253,441
671533943490011136,False,False,1092,631
671528761649688577,False,False,896,280
671520732782923777,False,False,1499,582
671518598289059840,False,False,1010,319
671511350426865664,False,False,1734,791
671504605491109889,False,False,7495,3866
671497587707535361,False,False,980,481
671488513339211776,False,False,1073,516
671486386088865792,False,False,621,226
671485057807351808,False,False,806,253
671390180817915904,False,False,1513,805
671362598324076544,False,False,1193,325
671357843010908160,False,False,426,157
671355857343524864,False,False,508,119
671347597085433856,False,False,1031,476
671186162933985280,False,False,788,241
671182547775299584,False,False,1193,378
671166507850801152,False,False,931,390
671163268581498880,False,False,1763,1198
671159727754231808,False,False,401,89
671154572044468225,False,False,769,241
671151324042559489,False,False,714,166
671147085991960577,False,False,713,254
671141549288370177,False,False,1246,713
671138694582165504,False,False,996,448
671134062904504320,False,False,796,212
671122204919246848,False,False,3729,2763
671115716440031232,False,False,1436,842
671109016219725825,False,False,1225,478
670995969505435648,False,False,1175,317
670842764863651840,False,False,7989,4324
670840546554966016,False,False,634,213
670838202509447168,False,False,1189,758
670833812859932673,False,False,474,135
670832455012716544,False,False,780,242
670826280409919488,False,False,5961,4485
670823764196741120,False,False,824,205
670822709593571328,False,False,647,105
670815497391357952,False,False,3410,1708
670811965569282048,False,False,1202,295
670807719151067136,False,False,1234,546
670804601705242624,False,False,2098,1035
670803562457407488,False,False,362,95
670797304698376195,False,False,780,262
670792680469889025,False,False,889,298
670789397210615808,False,False,700,255
670786190031921152,False,False,640,218
670783437142401025,False,False,872,431
670782429121134593,False,False,1691,863
670780561024270336,False,False,831,317
670778058496974848,False,False,345,77
670764103623966721,False,False,1154,466
670755717859713024,False,False,475,123
670733412878163972,False,False,1030,558
670727704916926465,False,False,887,403
670717338665226240,False,False,1301,547
670704688707301377,False,False,814,405
670691627984359425,False,False,632,266
670679630144274432,False,False,799,315
670676092097810432,False,False,267,45
670668383499735048,False,False,11452,5537
670474236058800128,False,False,1635,835
670468609693655041,False,False,375,90
670465786746662913,False,False,1048,608
670452855871037440,False,False,580,225
670449342516494336,False,False,1264,729
670444955656130560,False,False,7120,2153
670442337873600512,False,False,690,213
670435821946826752,False,False,1127,570
670434127938719744,False,False,1501,708
670433248821026816,False,False,345,122
670428280563085312,False,False,1484,694
670427002554466305,False,False,551,179
670421925039075328,False,False,1415,709
670420569653809152,False,False,668,342
670417414769758208,False,False,604,350
670411370698022913,False,False,2176,991
670408998013820928,False,False,600,249
670403879788544000,False,False,460,173
670385711116361728,False,False,593,234
670374371102445568,False,False,785,295
670361874861563904,False,False,344,71
670338931251150849,False,False,451,122
670319130621435904,False,False,4110,1359
670303360680108032,False,False,452,151
670290420111441920,False,False,750,315
670093938074779648,False,False,1106,365
670086499208155136,False,False,740,275
670079681849372674,False,False,2390,1373
670073503555706880,False,False,1674,874
670069087419133954,False,False,676,278
670061506722140161,False,False,822,373
670055038660800512,False,False,716,357
670046952931721218,False,False,684,191
670040295598354432,False,False,801,118
670037189829525505,False,False,625,306
670003130994700288,False,False,352,100
669993076832759809,False,False,344,92
669972011175813120,False,False,471,175
669970042633789440,False,False,317,65
669942763794931712,False,False,536,183
669926384437997569,False,False,400,115
669923323644657664,False,False,250,64
669753178989142016,False,False,858,431
669749430875258880,False,False,289,71
669684865554620416,False,False,551,99
669683899023405056,False,False,412,119
669682095984410625,False,False,375,146
669680153564442624,False,False,712,311
669661792646373376,False,False,860,482
669625907762618368,False,False,3769,1963
669603084620980224,False,False,1006,401
669597912108789760,False,False,550,163
669583744538451968,False,False,1587,1017
669573570759163904,False,False,467,156
669571471778410496,False,False,1684,1085
669567591774625800,False,False,248,61
669564461267722241,False,False,413,133
669393256313184256,False,False,383,83
669375718304980992,False,False,1425,792
669371483794317312,False,False,524,196
669367896104181761,False,False,485,172
669363888236994561,False,False,669,252
669359674819481600,False,False,390,134
669354382627049472,False,False,2889,1390
669353438988365824,False,False,687,281
669351434509529089,False,False,474,207
669328503091937280,False,False,1081,452
669327207240699904,False,False,610,127
669324657376567296,False,False,525,223
669216679721873412,False,False,958,422
669214165781868544,False,False,468,183
669203728096960512,False,False,1074,522
669037058363662336,False,False,698,336
669015743032369152,False,False,785,403
669006782128353280,False,False,610,269
669000397445533696,False,False,22118,6965
668994913074286592,False,False,468,254
668992363537309700,False,False,802,381
668989615043424256,False,False,726,356
668988183816871936,False,False,961,516
668986018524233728,False,False,578,183
668981893510119424,False,False,573,340
668979806671884288,False,False,842,382
668975677807423489,False,False,1386,641
668967877119254528,False,False,161,25
668960084974809088,False,False,757,263
668955713004314625,False,False,300,77
668932921458302977,False,False,284,63
668902994700836864,False,False,338,107
668892474547511297,False,False,422,164
668872652652679168,False,False,566,322
668852170888998912,False,False,479,184
668826086256599040,False,False,467,150
668815180734689280,False,False,610,291
668779399630725120,False,False,749,409
668655139528511488,False,False,562,233
668645506898350081,False,False,962,588
668643542311546881,False,False,939,576
668641109086707712,False,False,1145,573
668636665813057536,False,False,1114,528
668633411083464705,False,False,3024,1788
668631377374486528,False,False,763,349
668627278264475648,False,False,341,123
668625577880875008,False,False,417,140
668623201287675904,False,False,1551,851
668620235289837568,False,False,211,45
668614819948453888,False,False,654,341
668587383441514497,False,False,1760,1174
668567822092664832,False,False,265,62
668544745690562560,False,False,561,250
668542336805281792,False,False,497,231
668537837512433665,False,False,265,79
668528771708952576,False,False,496,242
668507509523615744,False,False,345,116
668496999348633600,False,False,436,146
668484198282485761,False,False,453,253
668480044826800133,False,False,491,162
668466899341221888,False,False,936,560
668297328638447616,False,False,656,319
668291999406125056,False,False,264,34
668286279830867968,False,False,535,149
668274247790391296,False,False,886,248
668268907921326080,False,False,592,261
668256321989451776,False,False,1385,667
668248472370458624,False,False,1056,523
668237644992782336,False,False,6614,3100
668226093875376128,False,False,323,115
668221241640230912,False,False,537,215
668204964695683073,False,False,586,206
668190681446379520,False,False,696,210
668171859951755264,False,False,525,208
668154635664932864,False,False,522,336
668142349051129856,False,False,592,306
668113020489474048,False,False,709,265
667937095915278337,False,False,1356,866
667924896115245057,False,False,318,119
667915453470232577,False,False,222,59
667911425562669056,False,False,523,329
667902449697558528,False,False,905,396
667886921285246976,False,False,2011,1180
667885044254572545,False,False,868,530
667878741721415682,False,False,409,127
667873844930215936,False,False,667,440
667866724293877760,False,False,3172,1110
667861340749471744,False,False,253,86
667832474953625600,False,False,303,68
667806454573760512,False,False,1111,535
667801013445750784,False,False,346,101
667793409583771648,False,False,736,358
667782464991965184,False,False,434,261
667773195014021121,False,False,243,61
667766675769573376,False,False,476,243
667728196545200128,False,False,398,162
667724302356258817,False,False,517,341
667550904950915073,False,False,0,37
667550882905632768,False,False,0,34
667549055577362432,False,False,6138,2454
667546741521195010,False,False,355,138
667544320556335104,False,False,917,568
667538891197542400,False,False,220,72
667534815156183040,False,False,866,576
667530908589760512,False,False,501,264
667524857454854144,False,False,1798,1198
667517642048163840,False,False,389,203
667509364010450944,False,False,7148,2272
667502640335572993,False,False,563,231
667495797102141441,False,False,565,294
667491009379606528,False,False,559,242
667470559035432960,False,False,273,102
667455448082227200,False,False,203,66
667453023279554560,False,False,327,96
667443425659232256,False,False,833,620
667437278097252352,False,False,483,257
667435689202614272,False,False,326,89
667405339315146752,False,False,489,234
667393430834667520,False,False,211,60
667369227918143488,False,False,385,173
667211855547486208,False,False,516,258
667200525029539841,False,False,658,282
667192066997374976,False,False,414,115
667188689915760640,False,False,784,449
667182792070062081,False,False,15075,6618
667177989038297088,False,False,200,58
667176164155375616,False,False,640,484
667174963120574464,False,False,262,88
667171260800061440,False,False,235,97
667165590075940865,False,False,2819,1241
667160273090932737,False,False,268,66
667152164079423490,False,False,49720,18285
667138269671505920,False,False,4851,2387
667119796878725120,False,False,346,135
667090893657276420,False,False,349,132
667073648344346624,False,False,425,134
667070482143944705,False,False,88,14
667065535570550784,False,False,175,51
667062181243039745,False,False,227,57
667044094246576128,False,False,198,54
667012601033924608,False,False,471,237
666996132027977728,False,False,258,102
666983947667116034,False,False,2679,1040
666837028449972224,False,False,857,584
666835007768551424,False,False,222,83
666826780179869698,False,False,266,105
666817836334096384,False,False,540,267
666804364988780544,False,False,250,95
666786068205871104,False,False,800,521
666781792255496192,False,False,404,211
666776908487630848,False,False,368,186
666739327293083650,False,False,244,71
666701168228331520,False,False,449,234
666691418707132416,False,False,196,51
666649482315059201,False,False,923,608
666644823164719104,False,False,238,88
666454714377183233,False,False,545,223
666447344410484738,False,False,107,23
666437273139982337,False,False,131,52
666435652385423360,False,False,170,54
666430724426358785,False,False,330,204
666428276349472768,False,False,171,90
666421158376562688,False,False,327,118
666418789513326592,False,False,129,48
666411507551481857,False,False,459,339
666407126856765440,False,False,113,44
666396247373291520,False,False,172,92
666373753744588802,False,False,194,100
666362758909284353,False,False,804,595
666353288456101888,False,False,229,77
666345417576210432,False,False,307,146
666337882303524864,False,False,204,96
666293911632134144,False,False,522,368
666287406224695296,False,False,152,71
666273097616637952,False,False,184,82
666268910803644416,False,False,108,37
666104133288665088,False,False,14765,6871
666102155909144576,False,False,81,16
666099513787052032,False,False,164,73
666094000022159362,False,False,169,79
666082916733198337,False,False,121,47
666073100786774016,False,False,335,174
666071193221509120,False,False,154,67
666063827256086533,False,False,496,232
666058600524156928,False,False,115,61
666057090499244032,False,False,304,146
666055525042405380,False,False,448,261
666051853826850816,False,False,1253,879
666050758794694657,False,False,136,60
666049248165822465,False,False,111,41
666044226329800704,False,False,311,147
666033412701032449,False,False,128,47
666029285002620928,False,False,132,48
666020888022790149,False,False,2535,532
